{
  "project_info": {
    "project_number": "599875558634",
    "firebase_url": "https://andriodapp-edffe-default-rtdb.firebaseio.com",
    "project_id": "andriodapp-edffe",
    "storage_bucket": "andriodapp-edffe.appspot.com"
  },
  "client": [
    {
      "client_info": {
        "mobilesdk_app_id": "1:599875558634:android:ba37270ce45c1b81128b93",
        "android_client_info": {
          "package_name": "com.plutecoder.geoattendance"
        }
      },
      "oauth_client": [],
      "api_key": [
        {
          "current_key": "AIzaSyCOpgrapK5jpYDz2auxQDULdFkXt4uEQQw"
        }
      ],
      "services": {
        "appinvite_service": {
          "other_platform_oauth_client": []
        }
      }
    }
  ],
  "configuration_version": "1"
}